sample	mean_coverage
XI001	29.3544303797468
XI002	41.4430379746835
XI003	32.379746835443
XI004	25.6835443037975
XI005	42.2911392405063
XI006	38.6582278481013
XI007	37.873417721519
XI008	38.9240506329114
XI009	29.3670886075949
XI010	31.5822784810127
XI011	39.2278481012658
XI012	35.1772151898734
XI013	30.4556962025316
XI014	36.3670886075949
